Country Code,"GNI per capita, PPP (constant 2011 international $)",Lifetime risk of maternal death (%),"Life expectancy at birth, total (years)",Mobile cellular subscriptions (per 100 people),"Mortality rate, infant (per 1,000 live births)","School enrollment, primary (% gross)","School enrollment, primary, female (% gross)","School enrollment, primary, male (% gross)","School enrollment, secondary (% gross)","School enrollment, secondary, female (% gross)","School enrollment, secondary, male (% gross)","School enrollment, tertiary (% gross)","School enrollment, tertiary, female (% gross)","School enrollment, tertiary, male (% gross)"
ARB,14918.98824,0.580102071,70.51716252,110.3387455,28.68442127,97.02707672,93.60800171,100.2954636,70.73504639,67.9688797,73.37789917,28.17495918,28.76799965,27.61240959
CSS,13598.98051,0.21898452,72.90027549,111.7536122,17.17306747,99.75256348,98.5096817,100.9572601,79.32602692,82.18631744,76.55352783,22.43045044,29.92004013,15.08720016
CEB,22693.94745,0.016037923,76.68547642,129.1291335,5.754446799,99.6465683,99.40351105,99.87724304,103.0322266,102.2327271,103.7911911,64.9348526,76.77378082,53.64268112
EAR,7930.42671,0.465737229,69.03935364,87.55503062,34.65824196,107.5891113,109.0105133,106.2653809,70.37068176,70.44567871,70.30108643,26.78463936,26.98675919,26.59416008
EAS,0,0.111956827,74.92655373,103.5105508,14.80240724,105.4209595,104.9667892,105.8302231,87.93482208,88.32063293,87.58206177,39.14772034,41.42623901,37.03947067
EAP,0,0.120715897,73.9863844,100.7837335,15.6,105.6847763,105.2242508,106.0981369,86.46098328,86.90215302,86.05857086,36.47032166,39.13412094,34.00719833
TEA,0,0.120274441,74.03558763,101.8901653,15.54508647,105.754097,105.2956009,106.1653214,86.23194885,86.6712265,85.83154297,36.5465889,39.37408066,33.93339157
EMU,37252.25481,0.00978761,81.93490679,121.1215312,3.377511309,103.731369,103.4797897,103.9705734,111.4196625,110.7075272,112.0984268,71.00148773,76.29898071,65.89846039
ECS,28117.95357,0.030130997,77.0944935,125.6424706,10.05568247,103.2739105,103.1583481,103.3837738,105.9635162,105.3890076,106.5108871,65.08072662,69.87129974,60.46873856
ECA,17977.78314,0.050554581,72.04877056,127.5431703,15.5,101.7982025,101.687149,101.9036789,98.39228821,97.34754944,99.38806152,62.06658173,64.53009033,59.69636154
TEC,18438.07138,0.046835513,72.51734757,129.3791649,14.73639987,101.732193,101.6409607,101.8188324,99.03053284,97.95697784,100.0536194,62.8766098,66.50147247,59.38941956
EUU,34873.40416,0.011991112,80.92224564,123.1881492,3.839302098,104.1029205,103.9448929,104.2532578,112.7937393,112.6944199,112.8883286,67.71476746,74.87194824,60.82588959
FCS,0,2.319962166,61.12854152,67.96840478,57.6471573,100.3490677,94.20594788,106.33535,45.53680038,40.06148148,50.89451981,11.4034996,9.928230286,12.85352039
HPC,1937.63218,2.574105084,60.77585892,63.15966688,54.80142648,101.7303925,98.08049774,105.3160934,39.86618042,35.62104034,44.04618835,8.121290207,6.23304987,9.999380112
HIC,42376.50634,0.016856842,80.65183291,121.9237403,4.7,102.2940979,102.0787277,102.4995117,106.3484802,106.1771774,106.5109406,73.66329193,81.36269379,66.41072845
IBD,10695.2229,0.229945985,72.1250951,100.5581954,24.33320444,107.3860016,108.5948868,106.2825775,82.45755768,83.29762268,81.68801117,36.68431854,38.95494843,34.57487869
IBT,8865.60363,0.661632108,69.75125281,92.99103419,35.91602396,104.865242,104.3807297,105.3171768,71.16118622,70.53569031,71.74449158,29.40082932,30.49592018,28.3676796
IDB,4745.925959,2.321962577,60.36424683,75.85974296,62.80376529,94.1109314,89.73020172,98.26139069,51.54893875,48.4829483,54.45381165,14.6331501,14.29448032,14.9582901
IDX,2485.860139,1.898959431,63.52948013,66.61060357,50.24705615,103.3951187,100.6600723,106.0716934,45.76176834,42.94255066,48.52024841,9.499380112,7.773159981,11.21111965
IDA,3245.743111,2.037907142,62.48267366,69.69174436,54.51107175,100.4713135,97.25678253,103.5851898,47.77656937,44.85086823,50.60734177,11.34549046,10.09370995,12.57242966
LTE,0,0.059402648,75.15145554,108.9476217,11.32334334,104.9810715,104.5172882,105.3976898,93.09906006,94.21972656,92.07447815,42.67848969,46.80160904,38.86830139
LCN,14311.20069,0.155002077,74.93675599,114.360818,15.55731552,108.3530502,107.0963287,109.5585175,94.09674835,97.20361328,91.11705017,44.66407013,50.42290878,39.03964996
LAC,13914.04325,0.159744918,74.71285765,113.6338158,15.7,108.6385193,107.3808975,109.8448792,94.02172089,97.17224121,90.99977112,43.30205154,48.9670105,37.76575851
TLA,14267.2993,0.157437852,74.82481864,116.2459876,15.68608516,108.5717087,107.3124695,109.7801971,94.08927917,97.21520996,91.08959198,44.51773834,50.15948868,39.00381088
LDC,2308.399128,1.999799415,63.14232373,63.09292578,52.81499898,103.9369202,100.2302399,107.5672302,42.93035126,40.01486969,45.78567886,9.059490204,7.277629852,10.83001995
LMY,8702.024358,0.664510896,69.68018128,91.97508683,35.6,0,0,0,0,0,0,0,0,0
LIC,1483.240018,2.590349573,61.25611236,54.67972575,54.7,102.8349686,99.2115097,106.396431,39.25593185,35.36465073,43.08763885,7.603419781,5.36439991,9.847260475
LMC,5799.3271,0.796793101,67.15880722,87.92029318,41.1,104.1836929,105.5587616,102.9075394,67.8562088,67.33532715,68.33905792,23.07781029,23.02718925,23.12533951
MEA,17081.00494,0.259129131,72.86805896,111.6661782,20.23257682,105.2605972,103.0469513,107.3699265,79.41493225,76.90686035,81.78759766,37.91613007,38.25143051,37.59883118
MNA,11079.96248,0.291943127,72.29172343,101.9640287,21.4,105.0131073,102.4904099,107.4179611,76.33917999,74.39714813,78.17980957,36.42274857,36.10118103,36.73236084
TMN,11179.17876,0.292868244,72.28435302,102.345357,21.5557395,105.1318665,102.5838928,107.5606613,76.20593262,74.12950134,78.17336273,36.30995178,35.83861923,36.76375961
MIC,9532.391551,0.458471733,70.64872862,96.17814516,31.4,104.677063,105.0637589,104.3203506,77.63748932,77.82254028,77.46646881,32.36098862,34.01134872,30.81690979
NAC,51655.92383,0.024823818,79.0645113,107.3079985,5.585846226,99.61546326,99.37332916,99.84767151,98.65805817,99.50894165,97.85077667,84.03231812,97.52332306,71.32875061
INX,0,0,0,0,0,0,0,0,0,0,0,0,0,0
OED,37914.57366,0.026257425,80.18213145,113.4640773,6.088747986,102.4886398,102.2592392,102.7078476,103.9430695,104.3177414,103.5858307,70.00299072,75.53352356,64.72781372
OSS,22105.20565,1.085883506,66.41520626,118.6950485,41.33109239,106.7552032,105.624588,107.8567505,66.89286041,67.55348206,66.25714874,18.34630013,21.29781914,15.67788029
PSS,0,0.263780079,69.91698582,74.96495366,22.73272035,110.223259,109.6986923,110.7127914,0,0,0,0,0,0
PST,40608.85536,0.017232418,80.52569806,117.8799995,4.337039389,102.0199203,101.8117828,102.2183304,106.3963623,106.5824203,106.219841,75.56603241,82.87281799,68.63507843
PRE,3310.568251,3.192689488,58.33568214,68.7507126,60.36112639,98.23310089,93.46630096,102.888031,41.10237885,36.3888588,45.71458054,7.953849792,6.173590183,9.70991993
SST,19486.00667,0.870888402,67.82190004,114.7616701,36.87353591,105.8426819,104.7314987,106.9210663,69.6917572,70.8939209,68.53658295,18.54361916,22.21904945,15.15913963
SAS,5021.985899,0.528087655,68.11628683,75.10159615,43.3,109.0774231,112.5073776,105.9638138,64.79342651,64.41806793,65.13510132,20.83864021,19.94732094,21.65908051
TSA,5021.985899,0.528087655,68.11628683,75.10159615,43.28033001,109.0774231,112.5073776,105.9638138,64.79342651,64.41806793,65.13510132,20.83864021,19.94732094,21.65908051
SSF,3334.336473,2.868546689,58.53712295,70.87121206,57.93241173,98.4267807,94.76943207,102.0111008,42.742939,39.53974152,45.86878967,8.59348011,7.242760181,9.926989555
SSA,3332.478336,2.868546689,58.53575125,70.86234632,57.9,98.42648315,94.7689209,102.0110168,42.74071884,39.53725815,45.8667984,8.593660355,7.242589951,9.927510262
TSS,3334.336473,2.868546689,58.53712295,70.87121206,57.93241173,98.4267807,94.76943207,102.0111008,42.742939,39.53974152,45.86878967,8.59348011,7.242760181,9.926989555
UMC,0,0.078187807,74.66928539,105.4560741,15.3,105.4714813,104.2600784,106.5780182,94.22823334,95.68578339,92.88803101,44.33522034,48.23619843,40.70127869
WLD,14050.33484,0.574321331,71.45898205,96.85408351,32.6,104.1473007,103.8493576,104.4257278,76.44637299,76.01239014,76.85157013,34.98331833,36.90399933,33.17298126
AFG,0,2.153191318,60.37446341,58.84547053,68.1,111.744133,91.75787354,130.6878815,55.65615845,39.67480087,70.74720001,8.662799835,3.673290014,13.2865696
ALB,10593.3002,0.05287837,77.83046341,105.4699657,12.9,112.4866409,111.1672592,113.6986237,96.42608643,92.60621643,100.0258484,62.70684814,73.8269577,52.42961121
DZA,13134.6399,0.430674102,74.80809756,108.4380562,22,118.7494736,115.1333466,122.2560806,0,0,0,34.59381104,41.93188095,27.46730042
ASM,0,0,0,0,0,0,0,0,0,0,0,0,0,0
AND,0,0,0,82.64319489,2.1,0,0,0,0,0,0,0,0,0
AGO,0,3.231173547,52.26687805,63.4792082,98.8,0,0,0,0,0,0,0,0,0
ATG,18966.34573,0,75.93763415,132.0539476,6.1,97.10739899,93.30918884,100.9179611,102.318222,102.8447037,101.8036118,0,0,0
ARG,18429.20599,0.130655156,76.15860976,146.4823886,11.5,109.9888916,109.7613831,110.2087708,106.7779007,110.3069077,103.3639984,82.91738892,102.899437,63.5388298
ARM,8320.971866,0.04483644,74.67570732,115.9232102,13.2,0,0,0,0,0,0,44.25460815,48.49568939,40.05559921
ABW,0,0,75.45109756,135.0658893,0,117.3180389,115.4296875,119.1290131,0,0,0,16.4054203,23.04323959,10.14455032
AUS,42315.55695,0.011828061,82.3,131.2305468,3.2,106.0756989,105.7586899,106.3766937,137.5647888,133.6292725,141.2540131,90.3065033,106.3088074,75.4020462
AUT,44213.17209,0.005466816,81.4902439,151.9112515,3,102.2489777,101.6983566,102.7756424,99.29640198,96.92626953,101.5699387,79.99864197,87.60204315,72.79084015
AZE,16514.30066,0.064405172,70.76321951,110.9053634,28.9,106.0598907,105.4929504,106.5559235,0,0,0,23.15973091,24.75322914,21.67637062
BHS,21201.48126,0.156838153,75.23365854,82.29635806,10.2,0,0,0,0,0,0,0,0,0
BHR,37115.28607,0.034418745,76.68326829,173.2739335,5.6,99.68023682,100.4559784,98.93917084,98.8924408,99.32642365,98.48001862,41.30863953,57.60572815,29.03906059
BGD,3172.005625,0.458409571,71.62590244,80.03535051,32.1,0,0,0,0,0,0,13.44079971,11.3874197,15.43412018
BRB,14604.52619,0.047929285,75.49641463,106.7781561,12.3,93.62728119,94.16689301,93.11710358,109.2475662,110.6809769,107.8758926,0,0,0
BLR,17301.94706,0.007170106,72.97073171,122.5011386,3.5,98.96627808,99.05712128,98.88014984,107.0317993,106.0989532,107.9138031,88.85703278,101.9697495,76.45915222
BEL,41576.91845,0.012833732,81.28780488,114.2699575,3.4,104.8543167,104.9221802,104.7894669,164.8117371,175.3804932,154.6709747,73.31880188,83.36136627,63.62202072
BLZ,7372.771537,0.080164392,70.07743902,50.712566,14.6,111.7301865,108.9500275,114.4422302,79.8772583,81.70604706,78.05349731,0,0,0
BEN,1987.971014,2.046315507,59.51058537,81.70596565,65.7,125.561203,119.9226074,131.1039276,54.36360168,43.85776138,64.81314087,0,0,0
BMU,0,0,80.79731707,90.88006599,0,87.47599792,86.06166077,88.84227753,72.62242889,77.43331146,67.95947266,27.45973015,36.08039856,19.07089996
BTN,6862.578676,0.351336098,69.4712439,81.57982737,28.3,102.1316986,102.8738022,101.4104309,84.19769287,87.05632782,81.4165802,0,0,0
BOL,6013.544398,0.681026297,68.344,96.33724828,31.7,97.35877228,95.84375,98.82227325,85.37963104,84.9471283,85.79897308,0,0,0
BIH,10572.42862,0.015045922,76.4332439,91.27895029,5.4,0,0,0,0,0,0,0,0,0
BWA,15566.75372,0.39652822,64.4292439,167.2975939,35.6,107.6304932,105.8012085,109.4278564,0,0,0,25.03587914,27.83021927,22.27499008
BRA,15076.56936,0.084683687,74.40187805,138.9514906,14.4,111.0638733,108.9931335,113.0371475,101.9508972,105.7856674,98.31359863,49.27983856,56.71646881,41.90642166
VGB,0,0,0,165.2685386,0,97.58785248,0,0,97.73732758,0,0,0,0,0
BRN,76314.81083,0.045816912,78.80958537,106.8167909,8.5,107.4440308,107.5561066,107.3380508,99.11621094,99.10092163,99.13040161,31.72533989,40.12485123,23.78088951
BGR,16170.45428,0.016072827,74.46585366,132.351139,9.7,99.0790329,98.74990845,99.38900757,100.8792877,99.04419708,102.6095581,70.78562927,78.98544312,63.02148056
BFA,1485.885657,2.148950186,58.58846341,71.7259882,62.2,86.89006805,85.09131622,88.65016937,30.33526993,28.22839928,32.37174988,0,0,0
BDI,803.474002,4.431196561,56.69202439,30.46201036,55.8,127.6357727,128.4258881,126.8340683,37.88898087,34.82329941,41.06225967,4.966060162,2.407860041,7.680290222
CPV,0,0.117173145,73.147,121.7897017,21.3,113.1533585,109.9069672,116.2951431,92.57946777,98.50047302,86.7670517,22.98217964,26.75196075,19.12855911
KHM,2935.319844,0.496150656,68.21229268,132.7337981,26.3,116.3896408,113.1353073,119.5689926,0,0,0,0,0,0
CMR,2877.331123,2.989368401,55.4927561,75.6851331,58.6,113.5502396,106.8850327,120.1291885,56.43072891,51.86019897,60.9487381,16.00612068,14.01858997,17.98059082
CAN,42249.80486,0.011610238,81.95660976,81.0393165,4.4,0,0,0,0,0,0,0,0,0
CYM,0,0,0,153.7483538,0,0,0,0,0,0,0,0,0,0
CAF,604.3462228,3.671398303,50.65778049,24.53960893,93.5,0,0,0,0,0,0,0,0,0
TCD,1984.478235,5.744557497,51.55580488,39.75097997,86.7,0,0,0,0,0,0,3.445389986,1.133000016,5.739369869
CHI,0,0,80.6064878,0,0,0,0,0,0,0,0,0,0,0
CHL,21480.02133,0.040448066,81.49619512,133.240814,7.2,100.5261383,98.85153198,102.1446533,100.4045486,101.2064285,99.63568115,86.63069916,92.27861023,81.25270844
CHN,0,0.04379777,75.78226829,92.27349082,9.8,103.9189682,104.0123215,103.8384933,94.3320694,95.44489288,93.35311127,39.39038849,42.53358841,36.56567001
COL,12320.6237,0.130029566,73.99314634,113.0811454,14.1,113.7466202,111.742363,115.6691818,98.76190948,102.6040726,95.07144165,53.27893829,57.14535141,49.53564835
COM,1435.055194,1.581311415,63.25685366,50.90120382,56.6,103.1701508,99.45938873,106.7561035,60.35041046,62.3778801,58.38940048,8.928420067,7.989510059,9.8394804
COD,668.1870651,4.283054345,58.65919512,53.49321638,76.5,106.9730911,101.8444824,112.0332108,43.50521088,33.32912827,53.59997177,0,0,0
COG,5777.952988,2.300194781,62.31114634,108.1495742,34.4,0,0,0,0,0,0,0,0,0
CRI,13789.01651,0.049084146,79.40270732,142.1782166,8.6,110.7868729,110.2859802,111.2652512,120.3266525,123.6083298,117.1872635,53.03828049,58.78327179,47.5215416
CIV,2976.740039,3.300266602,51.55958537,106.2476093,68.5,89.60569,83.58779144,95.5528717,40.13216019,33.1843605,46.97079086,8.680210114,6.392859936,10.92873001
HRV,19731.19973,0.013122309,77.47804878,104.4313214,3.8,98.87487793,98.71389771,99.02719879,98.99999237,100.8856201,97.21095276,69.54415131,80.72074127,58.83813858
CUB,0,0.057716553,79.39082927,22.47839584,4.1,98.11347198,95.83267975,100.2567902,99.66513062,101.4098969,98.04547119,40.99975967,0,0
CUW,0,0,77.82439024,118.9902123,0,0,0,0,0,0,0,0,0,0
CYP,28621.49992,0.010779608,80.13156098,96.33531011,2.6,99.15271759,99.58708191,98.74593353,99.41673279,99.45568848,99.37944031,53.10435104,62.59883118,44.10309982
CZE,27114.79454,0.006706188,78.82439024,129.539048,2.9,98.8651886,98.87825012,98.85279846,105.1258469,105.3878784,104.8774872,66.01725769,77.38928986,55.2007103
DNK,46727.17501,0.010709943,80.7,126.9503442,3,101.3319931,100.6595612,101.9755173,129.8680267,132.1924438,127.6588821,81.51647186,95.38780975,68.19857025
DJI,0,0.732466846,62.0155122,32.38686559,55.8,67.95456696,63.26298904,72.52848053,46.35290909,41.45930862,51.12591171,0,0,0
DMA,10040.64898,0,0,102.1357183,19.5,117.9491119,117.99189,117.907753,0,0,0,0,0,0
DOM,12013.50378,0.267658777,73.50002439,78.86382636,26.2,100.6534882,95.72463226,105.4117126,78.35604095,82.38585663,74.42707825,47.51575851,58.83895111,36.34923935
ECU,10756.11177,0.18052773,75.8724878,103.8991648,19,113.3072662,113.4910507,113.1309128,104.4767914,106.5812607,102.4462585,0,0,0
EGY,9848.819265,0.129079367,71.12170732,114.3059858,21,103.9297333,103.7741699,104.0762024,86.10231781,85.8611908,86.33126068,31.67898941,29.91510963,33.36832809
SLV,7388.683688,0.113748608,72.75456098,144.0115781,14.9,112.1894226,109.7239075,114.5538483,81.1161499,81.32118225,80.91417694,28.85296059,30.12071991,27.52172089
GNQ,21759.99257,1.698909037,57.64704878,66.38811096,70.3,0,0,0,0,0,0,0,0,0
ERI,0,2.482419113,63.66302439,6.38599695,35,51.19477081,47.14608002,55.07584,34.75437164,31.25596046,38.13628006,2.565380096,1.698650002,3.417929888
EST,26219.62763,0.015526107,77.03414634,147.8107077,2.5,99.2646637,99.02259064,99.49414063,110.4064789,110.0609283,110.7336121,71.37690735,86.74562073,57.01000977
ETH,1420.368164,1.708577845,64.03502439,31.59388039,42.9,100.1229095,95.8225708,104.3373337,0,0,0,8.126040459,5.26680994,10.93976021
FRO,0,0,81.48536585,117.8366357,0,0,0,0,0,0,0,0,0,0
FJI,0,0.084245909,70.08912195,98.77670015,19.4,0,0,0,0,0,0,0,0,0
FIN,39372.55608,0.004670722,81.1804878,139.6638962,2,101.4284363,101.39991,101.4556503,145.4836884,152.122757,139.1076202,88.67154694,97.19371033,80.50579071
FRA,38031.68533,0.016793024,82.67073171,101.2124157,3.6,105.3583603,104.9710464,105.7292404,110.6440125,111.2345734,110.0791168,64.39047241,71.0006485,57.92618942
PYF,0,0,76.54168293,91.16908178,0,0,0,0,0,0,0,0,0,0
GAB,16978.37067,1.212658864,64.38339024,171.375053,37,0,0,0,0,0,0,0,0,0
GMB,1506.675911,4.228166469,60.22843902,119.6304887,48.6,88.51078796,90.82814789,86.22583771,0,0,0,0,0,0
GEO,8670.129902,0.069491132,74.66863415,124.9355401,11.3,116.8619614,117.5431519,116.2685394,99.43003845,99.60308075,99.27192688,39.17866898,43.69020081,34.78506088
DEU,44390.52641,0.00856142,81.0902439,120.4201855,3.2,103.33461,102.9817276,103.6696777,102.429863,99.51828003,105.1990738,65.47380066,63.25460815,67.61180115
GHA,3699.891371,1.373087016,61.31163415,114.8194789,44.2,106.4636612,106.4022827,106.522583,57.9407692,56.05635071,59.74739075,15.89387989,12.64134979,19.05426979
GIB,0,0,0,129.5380944,0,0,0,0,0,0,0,0,0,0
GRC,24038.85642,0.004275117,81.43658537,109.131534,3.7,97.62001801,97.10585785,98.10948944,106.4993591,103.3957367,109.4783478,113.871788,113.7100677,114.0255966
GRL,0,0,0,106.3606466,0,0,0,0,0,0,0,0,0,0
GRD,0,0.0676884,73.36631707,110.204792,11.1,103.1267319,102.2528381,103.9568863,100.8493881,100.5079422,101.176712,0,0,0
GUM,0,0,79.12602439,0,0,0,0,0,0,0,0,0,0,0
GTM,6953.939217,0.330562969,71.72241463,106.6337703,25.1,103.5915985,101.5921402,105.5241394,63.53115845,61.50231171,65.50940704,0,0,0
GIN,1125.886167,3.560125958,58.73343902,72.09875075,62.8,91.25817871,83.79663849,98.58599854,38.82326889,30.69157028,46.79014969,10.84932995,6.679959774,14.93550968
GNB,0,2.67563512,55.16004878,63.48369055,62.4,0,0,0,0,0,0,0,0,0
GUY,0,0.592479897,66.40641463,70.53891053,32.6,0,0,0,0,0,0,0,0,0
HTI,1662.27722,1.146712428,62.74743902,64.70745958,53.5,0,0,0,0,0,0,0,0,0
HND,3905.746932,0.352049034,73.13570732,93.51563642,18,109.1496277,108.0323105,110.2272415,68.38008881,73.73294067,63.18817902,21.18413925,24.38990974,18.04080963
HKG,53780.25453,0,83.9804878,233.6151774,0,0,0,0,100.6335983,98.61489105,102.5349579,68.7787323,73.76381683,64.00663757
HUN,23009.10149,0.022588504,75.76341463,118.0538283,5.3,101.5117493,100.9148865,102.0783386,106.9843597,107.1066818,106.8680725,53.19281006,60.03271866,46.63442993
ISL,40703.87108,0.006979202,82.86097561,111.0801927,1.6,0,0,0,0,0,0,0,0,0
IND,5326.993848,0.477453266,68.01380488,74.48376991,39.3,107.9214325,114.0862885,102.405159,74.2754364,74.79177856,73.81169891,25.53544998,25.30591011,25.74317932
IDN,9673.900079,0.336565118,68.8884878,128.7844341,23.6,105.7409592,104.4599304,106.9471893,82.46869659,82.16184998,82.76056671,31.10210037,32.81573105,29.42596054
IRN,16486.09488,0.051811566,75.38931707,87.79273111,13.9,109.1840897,111.5956726,106.86586,88.4066391,87.90242004,88.8682785,65.95755005,63.64316177,68.17946625
IRQ,0,0.245101754,69.39968293,94.9127868,27.2,0,0,0,0,0,0,0,0,0
IRL,41746.95599,0.016537785,81.34878049,105.0302095,3.1,102.1174622,102.5718231,101.688652,127.2033005,128.6721649,125.8053513,77.62693787,80.30928802,75.06623077
IMN,0,0,0,0,0,0,0,0,0,0,0,0,0,0
ISR,31439.7522,0.016700845,82.15365854,121.4506526,3.3,104.1763687,104.3748016,103.9881592,101.8636475,102.6643219,101.1054001,66.1810379,76.16960907,56.67763901
ITA,33946.41874,0.005109857,83.0902439,154.29181,3,101.540741,101.0766296,101.9801178,102.624939,101.4576035,103.731987,63.0958519,73.47612,53.2188797
JAM,7877.450966,0.199065558,75.6535122,107.3835311,13.9,0,0,0,83.0246582,86.33043671,79.87458801,0,0,0
JPN,38658.26207,0.007590896,83.58780488,122.1577296,2.1,101.2246475,101.1876068,101.2599182,101.7456131,101.9092331,101.5897675,63.36259079,60.88127899,65.73200989
JOR,8524.755662,0.211368656,74.05214634,147.803889,15.8,97.34287262,97.61116791,97.08525848,82.44554138,84.80770111,80.18608093,0,0,0
KAZ,21383.25638,0.035345784,71.62,172.1913053,13.5,111.3487701,111.3404007,111.35672,105.4827194,106.8408737,104.190033,48.47533035,54.16904068,42.87960815
KEN,2714.752577,2.460345994,61.57636585,73.84324808,36.6,111.3958588,111.5767975,111.2170563,0,0,0,0,0,0
KIR,0,0.348165099,65.95168293,28.8622501,44.6,113.1121216,115.1820374,111.1593781,0,0,0,0,0,0
PRK,0,0.155911443,70.07468293,11.18810123,20.7,0,0,0,0,0,0,0,0,0
KOR,33534.04513,0.014330236,82.15585366,115.7099812,3,98.96880341,98.52826691,99.38007355,98.45323181,97.95892334,98.90847778,94.21021271,80.61351776,106.3461685
XKX,8821.307426,0,71.09756098,0,0,0,0,0,0,0,0,0,0,0
KWT,76969.03203,0.009974979,74.58502439,218.4302852,7.7,102.6835098,103.0250015,102.3585892,93.60362244,98.90866089,88.86593628,0,0,0
KGZ,3029.099825,0.2642816,70.40243902,134.4608681,20.1,107.6717987,107.0264282,108.2941208,90.78166962,91.17877197,90.40028381,45.91783142,52.07999039,39.940979
LAO,0,0.728084552,66.11736585,66.99333256,52.3,116.3394928,113.4926605,119.0789566,57.23596954,54.57286835,59.82027054,17.29194069,16.68906975,17.88129044
LVA,22200.06564,0.0278698,74.12439024,116.7991354,7.2,100.4082108,99.97312927,100.8244629,115.3598022,114.0094299,116.6301422,67.03972626,79.22167969,55.4752388
LBN,13322.56051,0.02882737,79.37309756,88.34778452,7.3,94.11962128,89.99226379,98.33827972,61.66709137,61.82022095,61.5057106,42.77283096,45.74607849,39.54220963
LSO,2947.060342,1.716442542,49.70058537,101.9679515,70.5,107.0942078,105.8454971,108.323082,52.17121124,60.41614914,44.08929062,9.842200279,11.69215965,8.044739723
LBR,701.5866383,3.67940752,60.83441463,73.35344914,54.7,95.64746857,91.59002686,99.54669952,37.87348175,33.1166687,42.47663879,0,0,0
LBY,0,0.02399726,71.71612195,161.1206099,11.9,0,0,0,0,0,0,0,0,0
LIE,0,0,82.07317073,109.2971985,0,102.6609879,102.2556381,103.0590668,115.5578308,103.2742233,127.8498306,37.4887085,24.14105034,50.81227112
LTU,25904.1255,0.015157555,74.51707317,141.8611987,3.6,102.4602203,102.6070709,102.320549,106.8218307,104.6170425,108.9037704,68.53141022,82.00817108,55.82434845
LUX,67580.77717,0.015963573,82.22926829,149.4892513,1.6,97.13008881,97.33228302,96.93969727,102.2624588,103.4754868,101.1131897,0,0,0
MAC,111885.1045,0,80.55309756,322.5915365,0,96.72123718,96.32424164,97.09102631,96.06497192,95.04367828,97.02194214,69.35510254,78.64935303,60.15428162
MKD,12059.78698,0.011802221,75.34239024,105.5019507,5.2,90.40830231,89.64730835,91.13166809,78.57904816,77.08357239,80.00502777,39.59420013,44.2541008,35.15903091
MDG,1334.42488,1.761597007,65.08560976,41.20948014,37,146.744812,146.5419769,146.9455261,38.43492889,38.06079865,38.80921173,4.775559902,4.571529865,4.98071003
MWI,1060.925885,3.524299167,62.72163415,33.46880863,45.1,146.5065308,147.9642029,145.0593414,39.49206924,37.54069901,41.43790817,0,0,0
MYS,23404.19988,0.084935949,74.71829268,148.8298489,6.2,102.7663193,102.9049911,102.6351929,77.74965668,80.6654892,75.01143646,27.60483932,33.16424942,22.52182007
MDV,0,0.172928353,76.77282927,189.3831136,7.8,0,0,0,0,0,0,16.22738075,20.25247002,12.39595985
MLI,1816.680736,3.877062012,57.98626829,149.0691312,75.9,77.19281006,72.9769516,81.23410797,43.51115036,37.36518097,49.39196014,0,0,0
MLT,30836.0681,0.012476208,81.94634146,126.9868835,5.2,101.9049988,102.7591019,101.1011581,94.25666809,96.47112274,92.17796326,44.68619919,50.88261032,38.92498016
MHL,0,0,0,29.37163647,30.2,0,0,0,0,0,0,0,0,0
MRT,3589.957188,2.907656222,63.01658537,94.19928487,66.1,97.97109985,100.6721497,95.34767914,29.9353199,28.58490944,31.24729919,0,0,0
MUS,17836.33415,0.078887853,74.19439024,132.2498241,12.2,102.6977768,103.729393,101.7059174,97.93816376,98.98616028,96.92430115,38.67412186,42.69358063,34.71960831
MEX,16330.7761,0.093759391,76.72185366,84.65182433,11.9,103.3891983,103.1543732,103.6149826,90.54969025,93.46494293,87.72532654,29.9409008,30.03022957,29.85437012
FSM,0,0.333613979,69.10107317,0,29.4,97.63204956,97.18049622,98.05161285,0,0,0,0,0,0
MDA,5241.932448,0.03252321,71.45587805,107.9952216,13.9,93.06421661,92.85932159,93.25784302,87.32076263,87.88926697,86.78095245,41.4896698,47.27735901,35.91996002
MCO,0,0,0,88.46477171,2.9,0,0,0,0,0,0,0,0,0
MNG,10443.19415,0.132944545,69.46390244,105.0609857,19.9,101.6784286,100.6382828,102.6964798,0,0,0,64.27417755,75.91596222,52.89355087
MNE,14997.6445,0.012378385,76.18070732,163.0293689,4.6,0,0,0,0,0,0,0,0,0
MAR,6899.641381,0.327363391,74.01609756,131.713056,24.6,116.1342468,113.395462,118.7394333,0,0,0,25.12491989,24.68095016,25.55619049
MOZ,1065.755728,2.653755887,55.02595122,69.81699867,58.5,104.7789383,100.2787399,109.2567368,32.08763123,30.53087997,33.64710999,5.974720001,4.973629951,6.986320019
MMR,4570.927419,0.402535082,65.85785366,54.03928721,40.7,99.65828705,98.29355621,101.0052109,51.29608917,51.95190048,50.64545822,0,0,0
NAM,9612.43616,1.027676709,64.68019512,113.7562458,33.4,0,0,0,0,0,0,0,0,0
NRU,0,0,0,0,29.7,104.9900208,100.4010696,109.5364227,82.63665771,83.44371033,81.875,0,0,0
NPL,2304.805517,0.704186988,69.60468293,81.86605331,30.5,135.2338257,140.6295319,130.1083832,66.86894989,68.89868164,64.92173767,15.83248043,0,0
NLD,45556.78012,0.011585043,81.70731707,116.4234077,3.3,104.4383926,104.0950394,104.7655106,132.3171082,0,0,0,0,0
NCL,0,0,77.57317073,93.56333518,0,0,0,0,0,0,0,0,0,0
NZL,33039.99511,0.022460077,81.40487805,112.0546897,4.8,98.63333893,98.45932007,98.7990036,117.4900208,120.9874115,114.1710663,80.8829422,94.00688171,68.19133759
NIC,4658.423083,0.388376029,74.81014634,114.5655993,19.4,0,0,0,0,0,0,0,0,0
NER,884.2439952,4.541648529,61.4584878,44.43748576,58.4,70.60041809,65.02478027,75.93636322,18.81945992,15.55871964,22.0778904,0,0,0
NGA,5472.251781,4.58328512,52.75426829,77.84154715,71.5,0,0,0,0,0,0,0,0,0
MNP,0,0,0,0,0,0,0,0,0,0,0,0,0,0
NOR,65638.36808,0.008863122,82.1,112.6874832,2.2,100.1427231,100.1206207,100.163887,112.5950012,110.6188889,114.458252,76.78315735,91.37178802,62.9910202
OMN,38242.63852,0.056500483,77.08509756,157.7532566,10,110.935997,114.0606537,107.9248428,0,0,0,0,0,0
PAK,4831.750825,0.727696049,66.18336585,73.33219105,67.4,93.5630722,85.81017303,100.7343521,41.63825989,36.60602188,46.30624008,10.35523033,10.67045975,10.05655956
PLW,0,0,0,90.60055932,14.7,114.2956772,111.7910385,116.4921494,113.5977325,116.9366684,110.5047684,0,0,0
PAN,18841.67044,0.247799721,77.59514634,158.0542825,15.1,102.2235184,100.8738174,103.5202866,75.55860138,78.30693817,72.90316772,0,0,0
PNG,0,0.838158379,62.60692683,44.92845743,45.7,0,0,0,0,0,0,0,0,0
PRY,8091.526183,0.380226409,72.92170732,105.604533,18.1,0,0,0,0,0,0,0,0,0
PER,11052.93333,0.181445018,74.52553659,103.6106575,13.6,101.4220963,101.4283295,101.4161301,95.62184143,95.50203705,95.73562622,0,0,0
PHL,7979.56236,0.36550194,68.26563415,111.2187234,22.8,0,0,0,0,0,0,35.75333023,40.27378845,31.42387009
POL,23437.29833,0.004641387,77.60243902,148.8867021,4.5,100.5715179,100.6508789,100.4961777,108.1046829,106.0829086,110.028801,68.11361694,82.55194092,54.24689865
PRT,25571.21597,0.012600311,81.12195122,112.113913,3,108.5115585,106.1383591,110.7746582,116.395401,114.9664536,117.7931595,65.60738373,70.37529755,60.85480881
PRI,0,0.024119916,79.37473171,87.11106333,0,89.74832153,90.43052673,89.12319183,81.28881836,83.93383789,78.84304047,84.38378143,98.83125305,70.09346771
QAT,115743.0539,0.030129731,78.59680488,145.7647461,7,99.35037231,100.7763519,98.01995087,83.8015976,100.5273666,72.62526703,13.47710037,39.23258972,6.170710087
ROU,19422.23627,0.042715493,74.96097561,105.91415,10.1,0,0,0,94.77507782,94.28333282,95.24165344,53.21585846,59.06095886,47.71965027
RUS,24086.89326,0.044609744,70.74365854,155.144239,8.5,98.56413269,98.92050934,98.22441864,100.5862274,99.53362274,101.5874329,78.65337372,86.17415619,71.50765228
RWA,1578.744026,1.263232746,63.96565854,64.02469114,32.7,133.5823212,135.1156158,132.0382843,39.11576843,40.88542175,37.33050156,7.567520142,6.871749878,8.29335022
WSM,0,0.211169984,73.51182927,55.53012808,15.4,106.1592102,106.2644501,106.0607986,86.85121918,92.18222809,81.94091797,0,0,0
SMR,0,0,0,118.8481841,2.7,0,0,0,0,0,0,0,0,0
STP,0,0.762872487,66.38460976,64.93769014,35.5,111.7435532,109.4119186,114.0412903,76.89806366,80.44451904,73.40576172,9.753270149,9.047280312,10.44810963
SAU,50786.9603,0.034509829,74.33721951,179.5574636,12.9,108.7161484,108.2517166,109.1582336,108.2878799,93.74675751,122.5884933,61.11201859,59.85292816,62.35065079
SEN,2166.286394,1.700045748,66.37258537,98.84217748,42.3,80.87622833,84.30954742,77.51534271,0,0,0,10.34119987,7.722330093,12.95932961
SRB,12574.32052,0.025712601,75.33658537,122.132822,6,101.1311569,101.3632584,100.9113693,94.34441376,95.40973663,93.34008789,58.05496979,66.01104736,50.50505066
SYC,0,0,73.22926829,162.1932137,11.9,104.1484528,104.703331,103.615303,79.14945221,81.10218811,77.29202271,6.429049969,9.347100258,3.713320017
SLE,1658.278024,6.279078448,50.87878049,76.65603826,90.2,0,0,0,0,0,0,0,0,0
SGP,78289.13365,0.012435055,82.49512195,146.8850857,2.2,0,0,0,0,0,0,0,0,0
SXM,0,0,0,0,0,0,0,0,0,0,0,0,0,0
SVK,26760.42917,0.008189198,76.81219512,116.9401341,6.1,100.9806824,100.3733292,101.5605392,91.92215729,92.34705353,91.51719666,52.92351151,64.58090973,41.77386093
SVN,28428.39814,0.014141143,81.07804878,112.0830105,2.2,99.30357361,99.37492371,99.2363205,110.6707535,110.5332565,110.8002472,82.92642975,98.48886871,68.19615173
SLB,0,0.48536918,67.93080488,65.75650459,24.2,113.8727264,112.1029968,115.5381699,0,0,0,0,0,0
SOM,0,4.818437105,55.35480488,50.89929334,87.4,0,0,0,0,0,0,0,0,0
ZAF,12136.91251,0.341525551,57.18212195,149.1935175,34.4,99.72310638,97.26885223,102.1564636,98.81967163,111.5193634,88.00019073,19.37507057,23.30780983,15.70069027
SSD,2113.521736,4.070760746,55.68221951,24.50094636,62,0,0,0,0,0,0,0,0,0
ESP,31088.74625,0.006827638,83.22926829,107.9458995,3.6,104.6902313,105.273201,104.1400909,130.1646576,130.4095764,129.9325256,89.07212067,96.92991638,81.51660919
LKA,10492.72073,0.066051544,74.79480488,103.1578481,8.6,101.2704468,100.1062393,102.423317,0,0,0,19.28763962,21.69252968,16.82328033
KNA,0,0,0,118.6369527,8.7,83.71916962,84.49017334,82.97046661,91.51831818,92.7511673,90.31456757,79.10482025,79.72782898,78.49610138
LCA,0,0.093709117,75.04685366,102.5888082,13,0,0,0,86.4571991,86.200737,86.71337891,16.86029053,22.85646057,10.94009018
MAF,0,0,79.32195122,0,0,0,0,0,0,0,0,0,0,0
VCT,0,0.095584593,72.93685366,105.1622459,17,104.710289,103.0431976,106.3416138,104.6867065,103.1762314,106.161232,0,0,0
SDN,3823.913544,1.442508533,63.45853659,72.19898961,48.8,0,0,0,0,0,0,16.32061005,16.82608032,15.82600975
SUR,15249.84343,0.382272874,71.15143902,170.5749874,19.5,119.9516678,118.2731476,121.583168,77.43170166,88.63712311,66.59509277,0,0,0
SWZ,7707.592835,1.360365032,48.93473171,72.31972132,45.8,112.7658081,107.9509811,117.5191498,66.02809143,65.80409241,66.24992371,0,0,0
SWE,45149.30373,0.007815084,82.25365854,127.8392622,2.4,120.9007568,124.2636185,117.7122421,132.9109344,141.5962982,124.7521973,62.35348129,75.9599762,49.39825058
CHE,57203.73943,0.00807617,83.19756098,136.6773982,3.5,103.2310028,103.2725372,103.1917038,99.76940918,98.2076416,101.2523117,57.22953033,57.70782852,56.76779938
SYR,0,0.214439831,70.07102439,63.85589141,11.7,0,0,0,0,0,0,43.85293961,44.98244095,42.81143188
TJK,0,0.131372851,69.59797561,95.12606037,39.7,97.34558868,97.13976288,97.53916168,0,0,0,24.47492027,18.40337944,30.37829018
TZA,2376.146567,2.329081629,64.94390244,62.77433234,36.2,83.71761322,84.6785965,82.74894714,0,0,0,0,0,0
THA,14082.17734,0.02948396,74.42202439,144.4387195,10.9,103.6888885,104.0782013,103.3172913,127.7326736,130.0553131,125.4791183,52.50537109,60.02941132,45.04175949
TLS,5061.317431,1.335378766,68.25914634,119.3771644,46.1,136.8142548,136.0469513,137.5494537,73.07430267,75.97303772,70.31391144,0,0,0
TGO,1130.097649,1.786217184,59.65580488,64.57824151,53.6,125.1124802,121.4028015,128.8045349,0,0,0,10.11762047,5.944610119,14.28450012
TON,0,0.452309036,72.79219512,64.28314836,14.7,108.0740967,107.4650497,108.6349335,90.09937286,94.22103882,86.35162354,0,0,0
TTO,28671.6762,0.118580901,70.44056098,147.3377795,18.7,0,0,0,0,0,0,0,0,0
TUN,0,0.143176402,74.83534146,128.4857675,12.6,113.0734863,111.39505,114.6778107,87.63240814,0,0,34.58367157,43.10461044,26.28510094
TUR,22204.83009,0.035796024,75.1635122,94.7933028,12.3,105.8253632,105.6008911,106.0408707,102.5412369,101.1407928,103.8913422,86.30901337,80.14215088,92.31926727
TKM,0,0.109063973,65.59853659,135.7804374,45,89.36720276,88.63847351,90.0760498,85.34142303,83.7067337,86.93266296,7.98443985,6.199890137,9.742199898
TCA,0,0,0,0,0,0,0,0,0,0,0,0,0,0
TUV,0,0,0,38.40711542,23.4,101.3552094,102.1212082,100.673851,80.76663971,90.21276855,72.25064087,0,0,0
UGA,1630.095147,2.240059524,58.46641463,52.42923963,39.1,0,0,0,0,0,0,4.760819912,4.160850048,5.359250069
UKR,8147.356675,0.037466456,71.18658537,144.082159,8.1,103.914711,105.0628891,102.8341599,99.23693848,98.2201767,100.2025604,82.30503082,88.40454865,76.50205994
ARE,64236.76704,0.012709437,77.36817073,178.0615447,6.1,106.7116699,107.1076508,106.33564,0,0,0,0,0,0
GBR,37484.71787,0.017444455,81.30487805,123.5810846,3.7,108.2402115,108.0793533,108.3939438,127.8112869,130.402359,125.34021,56.47676849,64.12359619,49.0449791
USA,52701.32197,0.026312928,78.74146341,110.2041935,5.7,99.53204346,99.22924042,99.82280731,97.56468964,98.47281647,96.70288086,86.66396332,100.7020493,73.46839905
URY,19147.29776,0.031188488,76.98614634,160.7951457,9.1,108.554718,107.2960892,109.7587967,95.07186127,99.99600983,90.33161926,56.34403992,0,0
UZB,5625.054776,0.102919887,68.33902439,73.79116465,35,100.1556625,98.94944,101.3140182,96.33351898,95.56880188,97.06755829,8.57404995,6.497310162,10.58405972
VUT,2893.44589,0.292731042,71.91831707,60.41440025,23.5,0,0,0,0,0,0,0,0,0
VEN,0,0.245534615,74.23619512,98.95200348,13.2,100.8450012,99.69889832,101.944313,91.61128235,95.03968811,88.31703186,0,0,0
VNM,5105.72379,0.115190482,75.62912195,147.1108877,17.8,109.3546906,108.6183472,110.0412369,0,0,0,30.47773933,31.23133087,29.75564003
VIR,0,0,79.77317073,0,0,0,0,0,0,0,0,0,0,0
PSE,2946.069458,0.21391791,72.90402439,72.07515264,18.5,94.91425323,94.56700134,95.24732208,82.240448,86.17147064,78.46710205,44.00687027,53.76153946,34.62203979
YEM,0,1.752392085,63.81819512,68.48627079,35.1,0,0,0,0,0,0,0,0,0
ZMB,0,1.317162177,60.04704878,67.33816426,44.7,0,0,0,0,0,0,0,0,0
ZWE,1786.425625,1.78696701,57.49831707,80.81642131,47.6,0,0,0,0,0,0,0,0,0